{
  "epoch": 265,
  "cpoc_cutoff_height": 4103170,
  "epoch_theoretical_reward_ngonka": 284932503735690,
  "epoch_theoretical_reward_gonka": 284932.50373569014,
  "total_actual_rewards_ngonka": 185565043741173,
  "total_actual_rewards_gonka": 185565.043741173,
  "total_cw_epoch_end": 609918,
  "implied_rate_ngonka_per_cw": 304245888.3672444,
  "affected_participants": 3,
  "total_compensation_ngonka": 24728997691297,
  "total_compensation_gonka": 24728.997691297,
  "compensation": [
    {
      "address": "gonka1j7x6dv42xehe9e5au4ku3wvzwtqlegfjhlvzj6",
      "cw_healthy": 66311,
      "cw_end": 323,
      "cw_drop_pct": 99.51,
      "correct_reward_ngonka": 20174849103520,
      "correct_reward_gonka": 20174.849103520344,
      "actual_rewards_ngonka": 0,
      "actual_rewards_gonka": 0.0,
      "compensation_ngonka": 20174849103520,
      "compensation_gonka": 20174.849103520344
    },
    {
      "address": "gonka17pw6099q758qwzewtrqmqpf5c2lrhr97fwqexu",
      "cw_healthy": 186719,
      "cw_end": 172607,
      "cw_drop_pct": 7.56,
      "correct_reward_ngonka": 56808488030043,
      "correct_reward_gonka": 56808.48803004351,
      "actual_rewards_ngonka": 54393492283376,
      "actual_rewards_gonka": 54393.492283376,
      "compensation_ngonka": 2414995746667,
      "compensation_gonka": 2414.995746667508
    },
    {
      "address": "gonka1830lqug50lse998x2lakk4pj5ypfumz5pasz0y",
      "cw_healthy": 7031,
      "cw_end": 0,
      "cw_drop_pct": 100.0,
      "correct_reward_ngonka": 2139152841110,
      "correct_reward_gonka": 2139.1528411100953,
      "actual_rewards_ngonka": 0,
      "actual_rewards_gonka": 0.0,
      "compensation_ngonka": 2139152841110,
      "compensation_gonka": 2139.1528411100953
    }
  ]
}